{"cameraMode":{"drawMode":0,"name":"Shaded","section":"Shading Mode"},"sceneLighting":true,"audioPlay":false,"sceneViewState":{"showFog":true,"showMaterialUpdate":false,"showSkybox":true,"showFlares":true,"showImageEffects":true,"showParticleSystems":true},"in2DMode":false,"pivot":{"x":-23.310943603515626,"y":-1.3711602687835694,"z":5.116886138916016},"rotation":{"x":-0.12049871683120728,"y":-0.6413657665252686,"z":0.1031789481639862,"w":-0.7506558299064636},"size":20.151756286621095,"orthographic":false}