{"cameraMode":{"drawMode":0,"name":"Shaded","section":"Shading Mode"},"sceneLighting":true,"audioPlay":false,"sceneViewState":{"showFog":true,"showMaterialUpdate":false,"showSkybox":true,"showFlares":true,"showImageEffects":true,"showParticleSystems":true},"in2DMode":false,"pivot":{"x":-23.33048439025879,"y":1.5158665180206299,"z":0.6313490867614746},"rotation":{"x":0.4349014163017273,"y":0.5394026041030884,"z":-0.3850729465484619,"w":0.6096100807189941},"size":7.132574081420898,"orthographic":false}