{"cameraMode":{"drawMode":0,"name":"Shaded","section":"Shading Mode"},"sceneLighting":true,"audioPlay":false,"sceneViewState":{"showFog":true,"showMaterialUpdate":false,"showSkybox":true,"showFlares":true,"showImageEffects":true,"showParticleSystems":true},"in2DMode":false,"pivot":{"x":136.45608520507813,"y":19.749052047729493,"z":5.686136245727539},"rotation":{"x":0.04640556499361992,"y":-0.889279305934906,"z":0.4454743564128876,"w":0.09263627976179123},"size":33.03874588012695,"orthographic":false}