{"cameraMode":{"drawMode":0,"name":"Shaded","section":"Shading Mode"},"sceneLighting":true,"audioPlay":false,"sceneViewState":{"showFog":true,"showMaterialUpdate":false,"showSkybox":true,"showFlares":true,"showImageEffects":true,"showParticleSystems":true},"in2DMode":false,"pivot":{"x":-29.078998565673829,"y":-1.6648472547531129,"z":2.6109721660614015},"rotation":{"x":-0.18726244568824769,"y":-0.6898172497749329,"z":0.19238339364528657,"w":-0.6723641157150269},"size":9.555854797363282,"orthographic":false}